CHEVROLET,AVEO,LS
CHEVROLET,SILVERADO 1500,LT
CHEVROLET,CAMARO,1LT
CHEVROLET,CAMARO,1LT
CHEVROLET,TAHOE,LT
CHEVROLET,CORVETTE,NOT_SPECIFIED
CHEVROLET,SILVERADO 2500HD,NOT_SPECIFIED
CHEVROLET,EQUINOX,LS
CHEVROLET,SUBURBAN,LT W/2LT
CHEVROLET,CORVETTE,NOT_SPECIFIED
CHEVROLET,SUBURBAN,LT W/2LT
CHEVROLET,SUBURBAN,LT
CHEVROLET,EQUINOX,LS
CHEVROLET,SUBURBAN,LT
CHEVROLET,SILVERADO 2500HD,NOT_SPECIFIED
CHEVROLET,SILVERADO 2500HD,NOT_SPECIFIED
CHEVROLET,TAHOE,LTZ
FORD,F-150,FX2
FORD,F-150,SVT RAPTOR
FORD,EXPEDITION,XLT
FORD,FOCUS,SE
FORD,EXPEDITION,XLT
FORD,FOCUS,SE
FORD,FUSION,SPORT
FORD,FOCUS,SE
FORD,F-150,PLATINUM
FORD,SUPER DUTY F-250 SRW,LARIAT
FORD,F-150,XLT
FORD,F-150,XLT
VOLKSWAGEN,NEW BEETLE COUPE,NOT_SPECIFIED
VOLKSWAGEN,GLI,NOT_SPECIFIED
VOLKSWAGEN,ROUTAN,SEL
VOLKSWAGEN,GLI,NOT_SPECIFIED
VOLKSWAGEN,ROUTAN,SEL
VOLKSWAGEN,TIGUAN,S
VOLKSWAGEN,TIGUAN,S
